QueueNumber,FirstName,SurName,ParcelID
1,John,Smith,C1001
2,Sarah,Johnson,C1002
3,Michael,Williams,C1003
4,Emma,Brown,C1004
5,David,Jones,C1005
6,Lisa,Davis,C1006
7,James,Miller,C1007
8,Emily,Wilson,C1008
9,Robert,Moore,C1009
10,Jennifer,Taylor,C1010
11,William,Anderson,C1011
12,Maria,Thomas,C1012
13,Richard,Jackson,C1013
14,Elizabeth,White,C1014
15,Joseph,Harris,C1015
16,Susan,Martin,C1016
17,Charles,Thompson,C1017
18,Margaret,Garcia,C1018
19,Christopher,Martinez,C1019
20,Patricia,Robinson,C102021
21,John,Snow,C1021
22,John,Wick,C1022
23,Luke,Skywalker,C1023
